0,797.4752807617188,524.0631294250488,733.8904571533203,485.4811191558838,695.8589935302734,416.26853942871094,695.6918334960938,352.2904300689697,726.4633178710938,313.7916326522827,734.0996551513672,357.81354904174805,724.8426055908203,284.08709049224854,723.1731414794922,236.1669158935547,723.1883239746094,196.44655466079712,775.9915161132812,360.69162368774414,749.9893188476562,326.2154531478882,732.7893829345703,376.9219923019409,724.2170715332031,424.74462032318115,814.9883270263672,371.3856554031372,778.4971618652344,363.2369327545166,761.0250854492188,422.0797061920166,751.8190765380859,467.1529197692871,852.2582244873047,389.0063524246216,812.9903411865234,385.6266403198242,794.644775390625,431.2696838378906,785.8444976806641,466.94735527038574
0,795.8794403076172,525.6726264953613,735.7221221923828,485.89606761932373,697.9580688476562,416.68224334716797,696.9767761230469,353.19931268692017,727.4359893798828,315.2716112136841,735.8209991455078,356.72128915786743,729.0989685058594,280.9382200241089,727.7201843261719,232.4833846092224,727.4923706054688,192.4743103981018,776.829833984375,359.55333709716797,751.9963073730469,325.2462315559387,734.3106079101562,377.6918077468872,724.5685577392578,426.08726978302,815.9181213378906,370.44628143310547,779.7146606445312,361.4829397201538,762.2534942626953,420.7771396636963,753.2420349121094,465.9216785430908,853.9732360839844,388.93558502197266,813.6693572998047,385.5388355255127,794.4384765625,431.6595268249512,785.9632873535156,467.6391935348511
0,696.5444946289062,487.6019096374512,645.4754638671875,451.025333404541,619.8416900634766,387.7956247329712,626.874885559082,336.14469051361084,645.3302764892578,305.1399850845337,657.7024841308594,329.5826768875122,662.6133728027344,261.30704641342163,664.4057464599609,216.3285255432129,669.6308898925781,179.55994606018066,696.7154693603516,336.05613470077515,668.3644866943359,296.63763999938965,646.9781494140625,340.6389570236206,642.3838806152344,383.4735345840454,732.8014373779297,348.69152784347534,694.8695373535156,332.03606128692627,677.3577117919922,383.60137939453125,675.5567169189453,423.84082317352295,769.1297149658203,368.30652236938477,725.0841522216797,359.18145418167114,703.5576629638672,400.2276420593262,700.5001068115234,431.9411373138428
0,568.7760162353516,487.04272270202637,520.1840209960938,458.9545440673828,488.72745513916016,409.3713569641113,478.7083435058594,365.11465072631836,474.34696197509766,328.60294103622437,543.4794616699219,331.23358726501465,544.5549011230469,261.22958421707153,535.2823638916016,218.80701541900635,527.8876113891602,186.26021146774292,576.4237976074219,333.4146308898926,535.4728317260742,302.9246520996094,509.80823516845703,343.29164028167725,503.8692092895508,377.9033374786377,604.8533630371094,341.99639081954956,552.8864669799805,336.1990213394165,537.4040222167969,387.680139541626,538.0154037475586,425.30651092529297,632.8813934326172,358.3006167411804,580.9807586669922,355.7356524467468,562.49755859375,395.80281257629395,560.5664825439453,426.4798164367676
0,416.69498443603516,499.9118757247925,364.6311950683594,454.8990869522095,342.7757263183594,393.27539920806885,341.1037826538086,341.86700105667114,348.6084747314453,304.1607856750488,425.1594543457031,318.11402320861816,419.9936294555664,258.0320477485657,413.8606262207031,212.20122814178467,410.3033447265625,174.930260181427,462.50938415527344,320.51846265792847,384.005126953125,314.7895646095276,352.90313720703125,369.889497756958,346.24839782714844,415.43907165527344,489.5083999633789,337.1326446533203,401.5147399902344,344.66570377349854,377.48889923095703,399.0755367279053,371.5463638305664,443.06320667266846,508.61610412597656,365.4459571838379,430.5660629272461,369.50257301330566,407.43019104003906,410.76271533966064,403.4363555908203,446.1476182937622
0,318.89076232910156,496.20707988739014,262.3437309265137,451.792573928833,230.82317352294922,399.04253482818604,217.13546752929688,350.6821131706238,217.59273529052734,308.16611766815186,306.4682960510254,318.3525037765503,297.9441833496094,252.1933937072754,293.19244384765625,204.7854995727539,290.63941955566406,164.0751028060913,338.51428985595703,322.0817828178406,252.55847930908203,313.3716416358948,224.9631118774414,369.2234516143799,219.47750091552734,417.11650371551514,359.5388412475586,337.04683542251587,266.37290954589844,348.9078640937805,251.68697357177734,407.63500213623047,252.06680297851562,453.3822441101074,372.99755096435547,361.39689445495605,292.463321685791,366.6739797592163,274.9492645263672,411.40339851379395,272.2614288330078,448.90488624572754
0,264.1619682312012,436.98437690734863,204.56533432006836,395.74779510498047,175.27593612670898,340.6422829627991,162.32006072998047,290.7301926612854,160.1005744934082,244.96790885925293,255.21484375,259.7933578491211,250.39606094360352,193.08913707733154,243.44350814819336,147.33648777008057,239.19206619262695,108.96866798400879,285.51862716674805,262.5828766822815,202.95530319213867,250.53527355194092,168.63964080810547,307.08306312561035,159.32467460632324,351.6007375717163,305.4275321960449,274.71890687942505,211.2234878540039,282.92165994644165,193.83934020996094,343.7069320678711,194.5465850830078,387.1235704421997,318.2762908935547,295.355007648468,235.78542709350586,301.27052307128906,218.8381576538086,348.0964422225952,220.30466079711914,383.96525859832764
0,267.11076736450195,413.2779836654663,203.75619888305664,373.0412435531616,171.43287658691406,316.2042045593262,158.53219985961914,263.4944415092468,158.45477104187012,216.7013955116272,255.67499160766602,238.23524236679077,247.7621078491211,168.79393458366394,240.49997329711914,121.43436312675476,236.29749298095703,82.21419095993042,286.1059761047363,240.716392993927,202.43770599365234,219.76284742355347,166.61008834838867,275.39166927337646,155.52579879760742,322.5441312789917,306.5110778808594,251.5102243423462,209.77550506591797,254.54633474349976,191.8899917602539,316.92694187164307,192.82258987426758,363.7795114517212,320.07896423339844,270.64128398895264,234.9955940246582,275.1867699623108,216.98286056518555,322.8462338447571,217.6506805419922,361.02190017700195
0,266.9795227050781,428.4530210494995,204.63956832885742,387.7382469177246,172.25152969360352,329.90100145339966,158.81056785583496,277.456476688385,157.61597633361816,230.49867868423462,252.07035064697266,248.17136764526367,245.24402618408203,178.4207260608673,238.48060607910156,131.579110622406,234.86141204833984,92.38047122955322,284.0433883666992,250.11828660964966,201.11520767211914,234.69316005706787,167.35565185546875,291.35064125061035,157.39212036132812,337.63505458831787,305.4597473144531,261.27760648727417,210.37139892578125,269.1726350784302,195.64903259277344,331.99031352996826,198.34930419921875,378.3080720901489,319.87415313720703,281.1774516105652,235.13351440429688,289.2998456954956,218.84883880615234,338.00861120224,220.44418334960938,376.2989044189453
0,275.0252151489258,431.570348739624,213.85759353637695,391.88931941986084,180.7870864868164,333.7526321411133,166.32122039794922,282.5738739967346,164.16645050048828,235.85788249969482,259.20568466186523,250.35326957702637,251.2671661376953,180.25038957595825,243.56943130493164,133.19186925888062,239.7722625732422,94.33854818344116,291.63135528564453,253.93706560134888,207.33083724975586,241.35765552520752,174.2031478881836,298.9429235458374,166.69044494628906,345.2787494659424,314.1735649108887,266.8561291694641,219.02164459228516,274.0081858634949,203.42191696166992,337.26855754852295,206.77854537963867,383.02536964416504,331.0822296142578,288.4941530227661,245.99489212036133,293.4168863296509,228.61665725708008,340.44721126556396,230.8184814453125,377.3663377761841
0,298.2639694213867,439.6464157104492,240.8880615234375,402.8314018249512,202.4912452697754,345.77701807022095,183.71986389160156,296.2804985046387,179.2863655090332,248.94813537597656,269.56787109375,255.1108431816101,262.6432991027832,185.12808322906494,256.10172271728516,136.78561091423035,252.0317268371582,97.91934013366699,304.40542221069336,257.95782566070557,225.8150863647461,247.64822959899902,195.7918930053711,304.424843788147,188.9537239074707,351.90335512161255,329.0301513671875,272.80827283859253,239.69928741455078,285.57822704315186,225.06999969482422,346.1714744567871,226.87734603881836,390.85046768188477,349.11510467529297,298.4011173248291,268.5891532897949,306.03691577911377,252.79407501220703,350.4041075706482,253.3502960205078,385.59788703918457
0,339.9175262451172,446.36730194091797,280.92016220092773,404.21743869781494,240.55334091186523,348.035888671875,221.91095352172852,297.791805267334,219.15063858032227,252.3923921585083,309.7361373901367,258.4744191169739,299.2027282714844,189.21319484710693,292.99367904663086,142.54342317581177,289.10926818847656,103.29944372177124,347.72430419921875,260.3992795944214,268.65747451782227,258.5555934906006,243.7419891357422,314.94938135147095,242.7060890197754,361.6029739379883,373.77723693847656,277.2017312049866,287.5521659851074,295.3493642807007,274.93125915527344,351.3768482208252,278.363094329834,394.7218179702759,394.60880279541016,305.78927278518677,317.0961570739746,319.03640270233154,296.60383224487305,361.0588073730469,292.2498321533203,394.27785873413086
0,431.21307373046875,469.9175262451172,380.5577850341797,412.8925609588623,362.9252624511719,327.5129985809326,369.43519592285156,274.0705633163452,392.6262664794922,242.74742603302002,450.8551788330078,260.23826122283936,441.7279815673828,205.52377223968506,422.5355529785156,161.43088459968567,405.72635650634766,128.39207768440247,488.12267303466797,270.9450387954712,451.632080078125,219.7721815109253,407.8636169433594,234.3625831604004,377.35965728759766,261.62655115127563,516.6860580444336,293.03905963897705,432.0423889160156,283.95727157592773,394.3776321411133,345.12221574783325,381.641845703125,399.8188304901123,533.846549987793,326.3030433654785,447.81578063964844,325.0377917289734,420.11749267578125,373.74595642089844,418.47644805908203,414.47484970092773
0,540.2079391479492,477.1731376647949,479.7904968261719,420.7115650177002,451.1480712890625,349.82369899749756,452.0720672607422,293.0051779747009,469.89234924316406,253.6471724510193,516.5619659423828,286.58098697662354,507.7466583251953,213.74424934387207,471.2886047363281,197.08719491958618,438.71219635009766,201.41595840454102,553.6104202270508,293.7870740890503,499.161376953125,263.7208414077759,464.1399383544922,316.12873792648315,456.4433288574219,362.4914503097534,584.8376846313477,309.6691846847534,513.0895233154297,306.6202425956726,491.1688232421875,364.044771194458,491.7810821533203,406.4344024658203,612.2105407714844,334.4146227836609,541.8937301635742,335.95086336135864,522.3905181884766,379.90224838256836,525.3111267089844,410.56830883026123
0,594.5305633544922,472.200665473938,537.7312469482422,427.6698589324951,507.55626678466797,361.41157150268555,505.58258056640625,302.5634980201721,527.2467803955078,263.3247113227844,554.8827362060547,290.0547480583191,550.4413223266602,222.32017278671265,544.828987121582,177.2070050239563,542.3951721191406,141.97704792022705,595.1870346069336,293.1955289840698,556.4589691162109,270.7008934020996,531.4272689819336,326.9447350502014,524.9136352539062,377.2636842727661,631.0342407226562,307.4285101890564,581.2614822387695,309.3255829811096,561.8194580078125,366.4841651916504,558.748664855957,411.4719343185425,665.272216796875,332.00239419937134,613.458366394043,334.46243047714233,591.3915252685547,378.06092262268066,586.6105651855469,412.44293689727783
0,640.3076171875,475.56703090667725,585.9141159057617,435.2220582962036,553.563117980957,369.81040477752686,552.3784637451172,312.6420593261719,572.6523590087891,278.6410689353943,592.6164245605469,305.27379512786865,596.5570068359375,228.3043098449707,598.060302734375,177.9657483100891,601.7470550537109,136.7878532409668,633.1053161621094,311.8393063545227,609.2109298706055,269.5779490470886,587.5938034057617,317.3072361946106,580.560417175293,365.0373601913452,670.2030944824219,326.26920461654663,633.1890106201172,317.66557931900024,614.694938659668,372.9067039489746,610.877685546875,415.3934955596924,706.6769409179688,349.156129360199,663.4735107421875,344.3663477897644,641.4543151855469,386.46228790283203,635.802116394043,418.427996635437
0,688.323974609375,475.39953231811523,634.0861892700195,430.46021461486816,606.9536590576172,362.67980575561523,609.6918869018555,305.33273935317993,631.9268417358398,267.181556224823,651.1021423339844,303.52226972579956,652.1940612792969,241.20547771453857,648.6090850830078,200.32187461853027,642.7817535400391,167.18827843666077,692.2570037841797,309.68671560287476,664.9591064453125,280.4729962348938,643.2957458496094,328.8056945800781,630.4058074951172,374.4174528121948,727.9106140136719,324.1533064842224,689.7425842285156,317.60101318359375,667.8400421142578,369.2013931274414,654.3586730957031,411.0844087600708,761.0206604003906,346.6649580001831,719.4102478027344,341.90678358078003,695.8620452880859,382.5647163391113,682.8675842285156,416.665678024292
0,739.2256164550781,477.75524139404297,690.3936767578125,435.9316635131836,664.1881561279297,364.4280481338501,672.3159790039062,303.12026023864746,702.6610565185547,269.7466707229614,703.0758666992188,306.4878487586975,704.0814971923828,234.19765949249268,707.5360870361328,185.44089317321777,712.7014923095703,144.29091453552246,741.6989898681641,316.02247953414917,722.7872467041016,283.12346935272217,699.9535369873047,333.3689045906067,687.9126739501953,379.08488273620605,777.0376586914062,334.0956115722656,748.8233947753906,320.695595741272,724.8933410644531,374.0965747833252,711.5784454345703,415.01579761505127,812.0259094238281,360.1383590698242,778.0069732666016,350.18614053726196,751.9291687011719,390.03833770751953,737.6633453369141,421.35087490081787
0,780.0634002685547,482.84693241119385,731.5325927734375,440.95584869384766,707.1418762207031,370.3787326812744,713.6502838134766,310.28735876083374,742.3796844482422,277.5240683555603,739.5346069335938,314.2613196372986,740.4087829589844,241.76990032196045,744.1542816162109,195.1114797592163,748.9148712158203,154.87514734268188,779.0650939941406,323.1180167198181,763.2655334472656,287.9713797569275,743.4522247314453,335.4528307914734,732.1614074707031,379.01257038116455,815.6388092041016,339.9749279022217,792.0178985595703,328.6420798301697,769.9787139892578,381.00972175598145,757.1675872802734,420.24674892425537,850.7157135009766,364.2642402648926,821.2045288085938,354.63613986968994,796.81640625,394.81103897094727,783.5376739501953,426.0242700576782
0,816.5908813476562,491.6414451599121,767.1057891845703,449.6115732192993,743.5899353027344,375.50402641296387,754.2295837402344,313.41826915740967,786.8748474121094,281.5669298171997,771.829833984375,323.0871820449829,771.1708068847656,248.2876682281494,775.6620788574219,201.11205339431763,782.3304748535156,160.2133870124817,811.0373687744141,331.84375762939453,798.7480926513672,292.6551604270935,782.5646209716797,344.663450717926,773.5919189453125,391.8536138534546,847.9165649414062,348.83008003234863,826.7398071289062,336.13134384155273,809.0404510498047,391.1758089065552,799.2115783691406,431.2278413772583,883.6420440673828,373.3700180053711,857.5196075439453,362.35124588012695,835.7351684570312,403.1948518753052,823.4210205078125,433.64028453826904
0,880.0596618652344,503.69795322418213,836.2908935546875,451.58151626586914,813.631591796875,381.3954019546509,825.1515197753906,321.70262575149536,856.4936065673828,285.15231370925903,819.1066741943359,329.55167055130005,817.2325134277344,254.0404486656189,823.0033874511719,206.7145872116089,829.2868041992188,166.27331256866455,859.1696929931641,340.7618236541748,868.4783172607422,313.6076760292053,860.9041595458984,365.58345794677734,851.8638610839844,405.95405101776123,897.2342681884766,358.17697763442993,899.0309906005859,344.54800844192505,884.3671417236328,398.423867225647,873.7093353271484,431.8109321594238,932.3051452636719,382.50072956085205,928.1484985351562,370.374698638916,910.8779907226562,410.5051374435425,900.5330657958984,434.9582576751709
0,933.9849853515625,506.0422897338867,891.0319519042969,447.5611209869385,871.9513702392578,378.3349800109863,885.2619171142578,320.5454349517822,913.37890625,283.868350982666,867.7604675292969,330.012731552124,866.7379760742188,255.71052074432373,871.4794158935547,210.51963329315186,876.4342498779297,169.8943591117859,908.0904388427734,340.5578684806824,927.8884887695312,311.9760990142822,919.0284729003906,361.8016290664673,906.5150451660156,401.45665168762207,946.4646911621094,357.443790435791,959.764404296875,346.63013219833374,944.6174621582031,396.95225715637207,931.5639495849609,428.4503173828125,979.5552062988281,381.6581726074219,985.9524536132812,372.94047832489014,969.3159484863281,409.80390071868896,957.5208282470703,432.4589538574219
0,961.6342926025391,487.5350046157837,920.4948425292969,431.1453580856323,903.8404083251953,362.90717124938965,924.8272705078125,301.49752378463745,959.1878509521484,266.45169496536255,897.0726776123047,319.7681522369385,898.8500213623047,244.52425003051758,905.7672119140625,197.91831493377686,914.4188690185547,157.6941704750061,939.2510223388672,331.91463232040405,965.1230621337891,289.827618598938,956.56005859375,339.3273138999939,943.4210968017578,385.34640312194824,979.9247741699219,348.25688123703003,997.0392608642578,323.2360339164734,979.7026062011719,376.7182731628418,963.5724639892578,416.2702989578247,1013.7643432617188,370.45027256011963,1018.6857604980469,352.3254060745239,1001.9116973876953,392.42069721221924,989.2424011230469,422.18557834625244
0,967.4961853027344,460.367488861084,925.2424621582031,411.09857082366943,909.1635894775391,342.4942088127136,932.7960968017578,278.91555547714233,963.0120086669922,237.712984085083,901.5215301513672,300.77274799346924,901.2590026855469,226.1160135269165,906.5911865234375,178.5518217086792,913.5220336914062,137.58408308029175,943.0683135986328,310.8825731277466,962.7532196044922,259.89408016204834,959.9232482910156,303.08558464050293,951.8243408203125,344.8138689994812,981.8498229980469,326.04716062545776,995.6977081298828,294.0691351890564,980.860595703125,346.4921808242798,965.8291625976562,384.5569324493408,1014.3246459960938,347.12743520736694,1018.1456756591797,323.6272931098938,1002.6445770263672,363.8283061981201,989.2595672607422,394.11731243133545
0,959.8211669921875,432.2574234008789,916.9216156005859,385.45257568359375,900.1103973388672,315.2541661262512,923.6845397949219,250.67283868789673,954.8692321777344,211.78666591644287,892.0511627197266,279.2324209213257,890.9210205078125,204.52187061309814,894.9131774902344,156.61108374595642,900.7532501220703,115.57816743850708,934.2383575439453,287.90037631988525,952.9165649414062,237.79666900634766,951.9538879394531,278.98460626602173,945.4402923583984,319.74933385849,973.7129211425781,301.34191274642944,988.1343841552734,270.7084035873413,974.8897552490234,324.7507309913635,959.9716186523438,364.4453430175781,1006.5152740478516,320.863094329834,1010.4931640625,297.85027742385864,998.3171844482422,338.2854151725769,987.8583526611328,368.8634777069092
0,952.7680206298828,426.12443447113037,912.8221130371094,378.0949544906616,897.7871704101562,305.7931137084961,918.46435546875,239.81946229934692,949.7004699707031,197.53559589385986,886.5178680419922,266.1915850639343,885.5394744873047,190.6337571144104,889.0555572509766,140.37727117538452,894.8606109619141,97.8686785697937,930.2005767822266,276.409170627594,948.258056640625,225.39973497390747,943.2640075683594,272.65545129776,936.0192108154297,317.08317518234253,971.1212158203125,292.65056848526,980.5130004882812,261.54014110565186,965.9431457519531,317.4639630317688,954.0782165527344,356.7192077636719,1004.1059112548828,314.64197874069214,1004.5327758789062,292.470645904541,989.2813873291016,334.3065619468689,978.497314453125,363.73011589050293
0,941.0300445556641,469.84349727630615,897.2342681884766,415.441689491272,880.7906341552734,344.6914315223694,903.3521270751953,281.348876953125,937.1260070800781,244.36893939971924,878.751220703125,300.8538579940796,879.2306518554688,223.36299419403076,884.3634033203125,175.23223400115967,891.1717987060547,133.75144243240356,920.8702850341797,312.2874712944031,938.6532592773438,265.2898693084717,930.0672149658203,314.98347759246826,919.3289947509766,360.5708599090576,961.3906860351562,329.4934558868408,973.2726287841797,305.2528738975525,955.0186157226562,361.0770034790039,939.9031066894531,400.59679985046387,994.8622894287109,353.97942781448364,997.6567077636719,335.0658416748047,979.5851135253906,375.71825981140137,966.5311431884766,405.43739318847656
0,919.3627166748047,497.56324768066406,871.4937591552734,440.319242477417,852.6856994628906,371.93312644958496,873.3946990966797,310.91660499572754,908.2228851318359,278.12479734420776,856.1062622070312,330.33373832702637,855.2272796630859,252.75691509246826,860.6283569335938,207.3531675338745,866.9375610351562,168.03937554359436,896.8395233154297,340.8473324775696,915.3432464599609,312.59283542633057,906.4595794677734,360.6405544281006,894.2700958251953,401.8860626220703,935.5580902099609,356.06189489364624,946.2053680419922,342.4367666244507,929.6660614013672,392.89873123168945,915.3201293945312,430.4193592071533,968.9457702636719,377.69635677337646,970.2541351318359,368.61860275268555,952.9710388183594,404.82168674468994,940.9180450439453,432.4116611480713
0,898.7918853759766,497.60852336883545,853.2517242431641,446.3180351257324,833.3824157714844,377.2010278701782,851.2874603271484,318.6514091491699,884.1022491455078,283.38321447372437,838.3074188232422,332.77113676071167,837.0610809326172,258.92314195632935,842.8030395507812,212.7316188812256,849.8664855957031,173.09848308563232,878.4883117675781,341.9295930862427,894.1746520996094,313.74000549316406,888.1972503662109,364.54859733581543,878.4023284912109,410.7913398742676,915.8551025390625,354.32369470596313,923.1604766845703,341.10557556152344,909.8722076416016,392.22732067108154,897.1018981933594,431.76647186279297,948.9128875732422,373.61613750457764,947.8382110595703,363.07209491729736,931.6835021972656,399.45945739746094,918.3622741699219,428.0833053588867
0,879.1146850585938,472.97786235809326,826.3565063476562,426.0120391845703,806.6622924804688,356.0045385360718,824.0717315673828,294.6146535873413,854.3975830078125,257.6714086532593,819.403076171875,314.35195684432983,815.8247375488281,239.83956813812256,819.7472381591797,193.8219165802002,824.9240112304688,154.72691774368286,859.0420532226562,322.50638723373413,866.0782623291016,289.33956384658813,857.7134704589844,332.7825093269348,846.6291046142578,374.3790864944458,895.5191040039062,334.3864917755127,897.0893859863281,318.6514949798584,881.6584777832031,368.7438726425171,867.8287506103516,407.7894115447998,928.7180328369141,351.89123153686523,923.4310150146484,340.05335569381714,907.5956726074219,375.91545581817627,895.9128570556641,405.1187038421631
0,864.4574737548828,457.1539878845215,808.162841796875,409.9688673019409,786.7108917236328,341.9144010543823,803.7074279785156,278.306028842926,840.3524017333984,244.89621877670288,805.9290313720703,299.3024682998657,802.1541595458984,227.6048755645752,804.490966796875,180.59888362884521,808.6902618408203,140.10151863098145,843.7967681884766,308.88604402542114,849.9153137207031,265.90980291366577,838.5640716552734,309.5891261100769,827.1811676025391,356.4494848251343,879.3251800537109,322.7373147010803,875.880126953125,297.6253366470337,858.0528259277344,350.6138777732849,845.1171875,395.16740798950195,912.5509643554688,341.8795323371887,901.4431762695312,324.28104400634766,883.4271240234375,361.8782329559326,871.5773010253906,394.39669132232666
0,868.9347076416016,466.2059497833252,816.6976928710938,417.5913190841675,795.7415771484375,347.8360104560852,810.6527709960938,285.12757301330566,845.3049468994141,249.67857599258423,810.5214691162109,306.49486541748047,807.3429870605469,233.40226650238037,810.9031677246094,185.42158126831055,815.1025390625,144.78644728660583,850.3619384765625,315.4475212097168,856.1988830566406,273.7099885940552,846.8201446533203,319.14281129837036,836.5969848632812,366.37752056121826,888.1692504882812,329.7256278991699,884.8345184326172,307.97428607940674,867.4338531494141,360.9259843826294,853.6830139160156,404.1512632369995,922.2771453857422,350.44790267944336,911.0388946533203,334.46760177612305,893.8361358642578,372.29262828826904,882.1018218994141,404.4817113876343
0,878.9773559570312,472.6481008529663,827.9708099365234,426.15421772003174,806.4163970947266,356.2662363052368,822.1266937255859,293.45821380615234,855.4415893554688,256.4805507659912,816.6287231445312,310.63917875289917,813.1643676757812,236.43264770507812,817.5286865234375,188.90600681304932,823.0099487304688,149.07255291938782,856.8701934814453,319.64816093444824,864.6693420410156,277.82557010650635,856.6789245605469,324.44738388061523,847.33642578125,372.01483726501465,894.6999359130859,333.9526605606079,893.5735321044922,312.37767934799194,878.4207916259766,365.64645767211914,866.5236663818359,408.05604457855225,929.1626739501953,355.2028155326843,918.2632446289062,339.5294666290283,902.5177764892578,377.7263116836548,892.4884796142578,408.6598205566406
0,893.0203247070312,483.945050239563,840.7249450683594,432.38574028015137,820.780029296875,364.075927734375,839.5610046386719,303.2451868057251,871.0800170898438,267.44134426116943,828.8188934326172,320.46406745910645,827.3272705078125,244.10953760147095,832.8946685791016,196.15981578826904,839.3511962890625,156.00219011306763,871.0111999511719,331.11599922180176,882.6106262207031,291.9800806045532,875.0102233886719,341.2634825706482,865.2622985839844,389.653902053833,910.5711364746094,345.90784549713135,913.0025482177734,327.2226548194885,897.2801971435547,382.40889072418213,884.0526580810547,425.57520389556885,943.8960266113281,366.7854309082031,936.7604827880859,354.0955352783203,921.8314361572266,394.0268039703369,912.1841430664062,425.6187629699707
1,885.4640197753906,501.7832851409912,831.7774200439453,450.3935766220093,810.3761291503906,383.939208984375,824.4778442382812,320.39029598236084,858.6944580078125,284.40075874328613,818.8264465332031,334.2486262321472,816.8428039550781,257.64336347579956,821.3384246826172,208.18141222000122,827.8005218505859,166.00180864334106,861.2440490722656,345.14631271362305,872.2098541259766,303.5905909538269,863.0146026611328,356.42770528793335,853.0415344238281,407.2748136520386,901.2450408935547,360.05544662475586,901.0000610351562,338.4856152534485,885.1927185058594,394.77559089660645,873.3277130126953,438.73493671417236,935.3257751464844,379.8634099960327,926.2985229492188,367.00026512145996,910.6085968017578,407.8163194656372,901.3559722900391,439.389009475708
1,881.6997528076172,500.264253616333,829.0354156494141,451.49577140808105,807.4266052246094,382.73066997528076,825.2759552001953,320.9640312194824,859.5310211181641,284.713933467865,819.35546875,334.86735820770264,816.6242980957031,257.5145101547241,821.0114288330078,208.58715534210205,826.7353057861328,166.59249544143677,860.5863189697266,344.5533084869385,868.5475158691406,306.5271806716919,859.7220611572266,355.78961849212646,849.6730804443359,404.75688457489014,899.2770385742188,358.70612382888794,898.5694122314453,340.175986289978,883.2400512695312,395.78139781951904,870.7140350341797,439.69812870025635,934.2118835449219,379.4362735748291,925.4621124267578,364.8636817932129,909.3470001220703,404.2166233062744,898.3095550537109,436.15224838256836
1,860.7819366455078,498.37130069732666,808.2057189941406,449.8084259033203,785.4146575927734,380.0775146484375,802.1943664550781,318.96007776260376,837.9528045654297,284.95134115219116,798.8845062255859,334.34218168258667,795.8583068847656,256.56163930892944,800.5706787109375,206.49636268615723,805.9012603759766,164.8870825767517,838.5786437988281,341.13866329193115,845.6200408935547,321.96704864501953,840.8234405517578,371.694130897522,833.9656066894531,415.6227922439575,877.0346832275391,352.5528573989868,877.1100616455078,344.2351770401001,863.4749603271484,395.98400115966797,852.3917388916016,436.77632331848145,912.8091430664062,370.94637393951416,904.5866394042969,365.7551622390747,887.4298858642578,403.8740301132202,876.1473083496094,434.428768157959
1,819.5780181884766,481.0092544555664,760.5835723876953,438.64502906799316,734.4337463378906,369.09526348114014,748.6490631103516,305.6707191467285,782.6403045654297,270.3685784339905,758.3416748046875,320.1584243774414,755.9601593017578,242.93054580688477,759.6486663818359,194.31424140930176,764.4387817382812,153.16009998321533,798.13720703125,327.6266598701477,795.1908111572266,291.1385107040405,783.3551025390625,338.6152195930481,773.9908599853516,384.8446798324585,835.45654296875,339.96166706085205,823.3013916015625,324.9690628051758,805.6832122802734,378.93150329589844,793.3733367919922,421.41284465789795,871.1799621582031,358.2721209526062,852.2408294677734,351.1218452453613,833.5732269287109,390.6847286224365,821.3067626953125,422.51079082489014
1,829.4977569580078,484.71842765808105,771.3433837890625,444.1816234588623,747.2713470458984,373.24273109436035,763.1690979003906,309.6634554862976,795.7095336914062,273.54146003723145,768.5939025878906,327.0440626144409,765.3763580322266,249.06244039535522,768.7657165527344,198.82434368133545,773.61083984375,156.91220998764038,808.93310546875,335.6847882270813,810.7255554199219,300.31535625457764,798.9349365234375,347.81586170196533,788.0259704589844,394.75353240966797,846.5074920654297,348.5161757469177,838.2559204101562,331.371431350708,820.8884429931641,385.9778165817261,807.2016143798828,428.5615539550781,881.6032409667969,366.31572246551514,865.4599761962891,355.6802272796631,848.3632659912109,395.3455066680908,836.8369293212891,426.82987689971924
1,831.2464904785156,485.98297119140625,773.2106018066406,445.4765510559082,750.0057220458984,374.0855026245117,766.8049621582031,310.5105400085449,798.6399841308594,274.03822660446167,771.0060119628906,327.9071545600891,768.5791015625,250.58960437774658,771.8906402587891,200.09296417236328,776.6133117675781,157.82160758972168,811.8503570556641,336.18573904037476,813.2195281982422,300.40796756744385,800.2224731445312,347.61486768722534,789.1592407226562,395.0178909301758,849.6786499023438,349.050772190094,840.7772064208984,332.3709511756897,822.4190521240234,387.3825216293335,808.7045288085938,430.4930877685547,884.7211456298828,367.1251916885376,868.1310272216797,356.58835887908936,850.3753662109375,396.5009593963623,838.9410400390625,428.11819553375244
1,840.4557037353516,169.68878388404846,778.5958099365234,195.60547828674316,736.8614196777344,270.5893135070801,738.4912872314453,348.2206177711487,748.131103515625,403.8489246368408,714.2379760742188,271.99788093566895,719.6237182617188,381.2463569641113,725.5986022949219,440.7228183746338,732.6194763183594,487.1725845336914,768.7590026855469,276.92211627960205,768.6081695556641,370.96899032592773,772.0584106445312,343.41755390167236,773.7417602539062,308.14120531082153,819.7341156005859,280.0690770149231,808.3460998535156,357.9789876937866,811.9026184082031,328.22577953338623,813.9179229736328,300.5098271369934,866.3640594482422,284.78394985198975,842.8859710693359,345.96535205841064,846.1958312988281,320.4069471359253,850.4576873779297,297.767858505249
1,841.5959167480469,167.7853274345398,779.8910522460938,194.4189977645874,739.9417877197266,266.60046100616455,741.9614410400391,341.98014736175537,746.7259979248047,397.22455501556396,713.5671997070312,271.6276717185974,716.798095703125,377.98715114593506,722.12158203125,437.39906787872314,729.3307495117188,484.51663970947266,766.3960266113281,277.53499031066895,767.0691680908203,366.848087310791,771.5918731689453,339.9818801879883,773.7144470214844,306.3023900985718,817.0862579345703,281.1047959327698,805.1798248291016,356.5556573867798,809.7944641113281,327.23055124282837,812.6894378662109,300.8954858779907,863.75244140625,285.88483572006226,840.3987884521484,345.9218144416809,844.0618133544922,320.2886939048767,848.7709808349609,298.5688090324402
1,841.2690734863281,169.18465733528137,779.4914245605469,193.69832038879395,738.2674407958984,265.96044301986694,737.4102783203125,341.9308805465698,741.488037109375,397.885537147522,710.6846618652344,268.71118783950806,712.5742340087891,375.266318321228,717.1517181396484,435.21626472473145,723.9478302001953,483.0168342590332,763.4039306640625,275.47443151474,761.7033386230469,367.893762588501,767.6900482177734,341.3253879547119,770.9953308105469,306.87782049179077,814.2914581298828,280.2474331855774,800.6654357910156,356.7990517616272,806.6845703125,327.47525453567505,809.9718475341797,300.84235668182373,861.0615539550781,286.646625995636,835.9423828125,347.42777824401855,840.7369995117188,321.3932704925537,846.0166168212891,298.98624658584595
1,831.0850524902344,169.3079423904419,768.0198669433594,193.60227584838867,726.0330963134766,266.3778591156006,724.8419189453125,342.87909507751465,731.9374084472656,399.4624185562134,701.4399719238281,268.50006580352783,701.7421722412109,374.67219829559326,705.1081848144531,435.1160144805908,711.1370086669922,483.33281993865967,753.9962005615234,274.048547744751,750.3266906738281,366.4996576309204,755.8468627929688,339.2853856086731,759.2406463623047,304.897620677948,804.8858642578125,278.2967162132263,790.0386047363281,356.8657851219177,795.6105041503906,327.0774722099304,799.0079498291016,299.3779993057251,851.8473815917969,284.2016315460205,824.464111328125,346.57097339630127,829.3545532226562,320.5104374885559,835.7013702392578,296.94459199905396
1,817.9856109619141,164.60626602172852,757.020263671875,191.91722631454468,717.9274749755859,263.3565330505371,717.6869964599609,337.86014556884766,722.6615905761719,393.29243659973145,689.4584655761719,266.8892168998718,690.5735778808594,372.4116325378418,695.5493927001953,431.5134859085083,702.1575927734375,477.56813049316406,740.8933258056641,272.5061273574829,742.1846771240234,363.0455732345581,749.9597930908203,335.57769298553467,752.703857421875,300.63788652420044,792.0054626464844,275.7223320007324,781.4048767089844,351.9101357460022,788.6071014404297,321.6067314147949,791.4554595947266,293.95676136016846,839.8440551757812,279.851496219635,816.3595581054688,342.1300721168518,822.1342468261719,315.89579343795776,827.5936889648438,292.23941802978516
1,816.3318634033203,162.0205521583557,756.322021484375,188.2159924507141,715.8720397949219,259.0133500099182,715.5384826660156,334.36514139175415,720.7760620117188,390.281023979187,685.6131744384766,262.3705315589905,687.9888916015625,367.94496059417725,692.9947662353516,427.70050048828125,699.2268371582031,475.41335105895996,737.1869659423828,268.23261737823486,740.3324890136719,359.0440607070923,748.0774688720703,331.2556028366089,750.0966644287109,296.57655000686646,788.355712890625,271.8072509765625,779.9604797363281,349.1758918762207,786.6606140136719,318.94816875457764,788.7569427490234,290.7645893096924,836.4049530029297,276.2593746185303,814.7055053710938,339.9069285392761,820.0273132324219,314.11519289016724,825.0021362304688,289.9195647239685
1,810.6017303466797,164.49344158172607,749.0489959716797,189.84971523284912,708.4523010253906,260.84744453430176,708.1998443603516,335.28385162353516,716.3317108154297,389.97447967529297,680.6766510009766,263.1027102470398,681.9799041748047,368.5542297363281,686.2150573730469,427.9822826385498,691.8183898925781,474.74292755126953,732.2482299804688,268.11251878738403,733.3918762207031,359.5191550254822,741.3869476318359,333.01092624664307,744.1333770751953,298.98388624191284,783.1758880615234,271.1812663078308,773.1083679199219,349.26597118377686,779.4441223144531,320.7472014427185,781.7536163330078,293.2854151725769,831.326904296875,275.4234480857849,807.8037261962891,339.0677833557129,812.7693939208984,314.64736461639404,818.1843566894531,291.2032914161682
1,796.3976287841797,161.6370177268982,736.8548583984375,188.53764295578003,694.1242218017578,257.7334213256836,690.7337951660156,330.67800521850586,697.3183441162109,385.52038192749023,665.3128051757812,259.1757845878601,662.6607513427734,361.6666603088379,664.1053771972656,421.3347816467285,668.7880706787109,468.59341621398926,715.5945587158203,262.8878331184387,719.7372436523438,353.339581489563,726.3690185546875,327.78879404067993,726.7222595214844,295.40794372558594,766.2368774414062,265.929479598999,758.3480834960938,344.4348621368408,762.9256439208984,317.2442579269409,764.3709564208984,290.3625154495239,813.9309692382812,271.253342628479,789.3396759033203,334.1235065460205,794.1909790039062,310.8589696884155,800.4361724853516,288.13868522644043
1,788.4907531738281,167.78681874275208,729.7187042236328,192.09723472595215,683.3834838867188,255.10296821594238,676.8107604980469,326.5167832374573,680.1338958740234,381.79983615875244,648.7861633300781,260.27031898498535,641.7838287353516,359.39300537109375,642.6389312744141,419.4046211242676,647.0482635498047,467.1921443939209,695.3319549560547,264.5317053794861,703.6869049072266,352.09134578704834,713.9009857177734,328.87038946151733,714.0027618408203,298.29970836639404,744.6209716796875,267.86547660827637,744.3202209472656,343.1277894973755,752.4798583984375,317.5242590904236,753.2603454589844,291.7256569862366,793.3209228515625,272.855908870697,776.0910797119141,332.63187646865845,783.4896087646484,309.73312854766846,788.3348083496094,287.89722204208374
1,749.5545196533203,172.23045587539673,684.3434906005859,193.19073915481567,636.3043212890625,260.8691596984863,631.5567398071289,334.4020700454712,643.1165313720703,388.5910177230835,603.4161376953125,264.9955987930298,596.0659027099609,365.3468656539917,597.9336929321289,421.7604160308838,600.9862518310547,464.0944290161133,645.4838562011719,265.22729873657227,667.3273468017578,357.40392208099365,678.2368469238281,334.24480676651,674.0566253662109,304.9950170516968,692.9875946044922,266.48598432540894,704.3215179443359,346.00324630737305,712.4726867675781,320.39589643478394,710.8231353759766,294.625039100647,739.7419738769531,269.597110748291,733.5066986083984,330.92700004577637,741.6032409667969,309.35577392578125,744.3575286865234,287.47605085372925
1,680.552978515625,169.23755049705505,613.6746978759766,199.65145111083984,566.963005065918,269.12463426589966,563.7617492675781,343.687641620636,568.9177322387695,398.0595588684082,527.0557022094727,270.64297914505005,519.8279571533203,364.43774700164795,518.4761428833008,424.90975856781006,519.178352355957,474.30235862731934,564.2338180541992,269.3306064605713,596.0785675048828,358.1701326370239,610.9064102172852,329.95200634002686,605.0665283203125,298.79613161087036,609.7400283813477,269.74883794784546,635.591926574707,346.323823928833,646.67236328125,320.01922845840454,640.51513671875,294.4860363006592,656.8930053710938,272.27423429489136,662.9203796386719,331.28536462783813,673.6856842041016,309.0262269973755,672.7622222900391,287.91380882263184
1,630.1587677001953,167.57656574249268,564.2421722412109,185.14291048049927,513.1069183349609,245.52263259887695,498.6492156982422,310.26585817337036,499.3914794921875,359.1127896308899,467.60658264160156,260.30259132385254,454.6402359008789,351.5588307380676,450.7097625732422,412.838659286499,451.2890625,461.8992233276367,506.6146469116211,267.4558711051941,527.4660873413086,376.21676445007324,540.810546875,355.3778672218323,540.225830078125,321.74566984176636,551.2776184082031,273.1724953651428,568.7591934204102,351.97442293167114,573.5468292236328,321.9589376449585,567.2274398803711,292.1459913253784,596.5114212036133,277.1365427970886,596.442756652832,328.1237268447876,603.3505249023438,299.89339113235474,600.9798812866211,274.9707341194153
1,558.4434127807617,158.66822004318237,478.4275817871094,178.07122349739075,407.71873474121094,255.96702575683594,376.5955352783203,341.9785165786743,368.0248260498047,409.6850252151489,383.9866638183594,253.7296986579895,367.0158386230469,362.2777318954468,361.77703857421875,418.10012340545654,355.9175109863281,453.4256315231323,438.3906936645508,260.31782627105713,448.3982849121094,383.1715393066406,459.35535430908203,385.66054344177246,456.8517303466797,371.1775588989258,495.47168731689453,266.5931439399719,495.61988830566406,377.6676034927368,501.97914123535156,375.99334716796875,501.13075256347656,363.2631540298462,544.6514129638672,272.38006353378296,537.849235534668,366.5472936630249,543.2315444946289,376.7915725708008,545.0096893310547,376.72204971313477
1,422.8169250488281,132.1437907218933,356.78524017333984,175.6442105770111,317.2969627380371,264.5428204536438,327.9216003417969,345.26390075683594,351.07120513916016,400.5305814743042,247.17010498046875,268.3901810646057,230.1984405517578,363.1505012512207,223.25634002685547,425.2644109725952,218.44161987304688,477.02160358428955,277.020263671875,262.79850482940674,331.4522171020508,350.09608268737793,351.08402252197266,320.51730394363403,345.71571350097656,289.3728446960449,323.3571243286133,257.70623445510864,371.97078704833984,333.43578815460205,384.40826416015625,301.98890447616577,376.52713775634766,276.4529871940613,373.61881256103516,253.94423246383667,399.9456787109375,309.8984169960022,409.9609375,284.24710035324097,406.5324020385742,262.515606880188
1,387.0438766479492,122.14124321937561,325.7601547241211,158.21401476860046,291.86851501464844,241.4698576927185,301.21166229248047,324.6853494644165,314.7943878173828,385.08118629455566,205.18341064453125,262.8519344329834,197.0557403564453,363.84203910827637,196.84324264526367,428.1890058517456,195.9774398803711,480.1849365234375,229.27556991577148,261.30114555358887,305.5119323730469,348.01432371139526,325.0181579589844,313.75088453292847,314.2951774597168,281.8250870704651,271.5547180175781,259.3559217453003,342.25475311279297,329.453866481781,352.62229919433594,292.3021602630615,337.3770523071289,267.41636753082275,317.5067138671875,258.90511751174927,364.15111541748047,304.9706196784973,374.53712463378906,273.79144191741943,363.82225036621094,251.32719039916992
1,372.7865982055664,126.8891179561615,314.27818298339844,163.39237332344055,284.71057891845703,247.5377655029297,293.93213272094727,328.8028621673584,304.7631645202637,387.6519441604614,197.65933990478516,268.2373595237732,192.36289978027344,370.6137800216675,193.54215621948242,435.8064794540405,195.46859741210938,487.65465259552,220.90381622314453,265.60654163360596,296.99907302856445,353.8377642631531,316.90826416015625,317.45997190475464,305.4743194580078,283.97016763687134,261.272029876709,263.8086462020874,333.6213684082031,331.24077558517456,345.71998596191406,293.6899781227112,330.6591033935547,268.72105836868286,306.2288284301758,264.43169116973877,356.20849609375,303.81731271743774,366.8700408935547,270.93568325042725,354.36553955078125,248.13997507095337
1,371.38668060302734,119.22920107841492,311.73274993896484,159.4964861869812,283.4861946105957,245.52203178405762,295.2372360229492,326.7140865325928,310.82693099975586,379.9483394622803,200.66953659057617,261.54587030410767,195.81632614135742,360.96104621887207,198.43862533569336,423.37579250335693,200.28148651123047,473.95886421203613,223.70712280273438,258.13234090805054,299.8563766479492,349.0851902961731,319.3319320678711,314.34032678604126,307.00550079345703,281.4112329483032,263.7693786621094,255.4562473297119,335.99220275878906,327.2703766822815,345.54603576660156,289.71930027008057,328.7828063964844,263.5727834701538,308.8796806335449,254.5703673362732,356.21150970458984,299.9609184265137,364.5362091064453,266.91131830215454,352.72308349609375,241.9990038871765
1,389.2958068847656,116.13887786865234,330.13511657714844,152.61935591697693,297.5149154663086,239.29080963134766,308.8122367858887,322.06034660339355,321.6014099121094,377.90428161621094,214.79434967041016,254.81605768203735,209.15155410766602,354.26573753356934,210.27629852294922,418.77320766448975,211.65395736694336,470.77866554260254,236.56604766845703,252.21214771270752,309.8002624511719,344.6660256385803,330.7376480102539,311.26516342163086,319.364070892334,279.1413116455078,274.2233657836914,249.64707612991333,346.19651794433594,323.77949237823486,360.0070571899414,288.13353538513184,344.8101043701172,263.6487650871277,317.6310348510742,247.9208493232727,367.97428131103516,296.57667875289917,380.3033447265625,265.8656859397888,368.9250946044922,242.85855531692505
1,417.6846694946289,107.42512106895447,353.32027435302734,144.61344480514526,317.40238189697266,233.13743591308594,328.10741424560547,316.2107491493225,343.8731384277344,375.6050491333008,256.2803649902344,247.23478317260742,252.5841522216797,342.57068395614624,249.12324905395508,400.4556083679199,244.86106872558594,450.6050634384155,290.58406829833984,241.7409110069275,347.9203414916992,326.29085540771484,362.59159088134766,300.30518531799316,355.4671859741211,274.83327627182007,336.77085876464844,237.7385401725769,379.7377014160156,311.78574800491333,382.61280059814453,281.4452004432678,375.08411407470703,256.0821032524109,384.20116424560547,235.59367418289185,394.22576904296875,292.72976875305176,396.62841796875,270.84826469421387,391.3688659667969,252.28594064712524
1,463.0940628051758,112.02094674110413,399.4225311279297,142.77727961540222,359.8596954345703,215.26855945587158,356.9519805908203,282.5369882583618,367.99205780029297,328.81301164627075,309.8911666870117,244.9973487854004,306.51193618774414,338.49329710006714,312.4517631530762,387.2734308242798,316.7488670349121,426.604528427124,346.9386672973633,237.31507301330566,381.71897888183594,339.1580128669739,399.0099334716797,341.88820123672485,400.89290618896484,337.60754585266113,393.2992935180664,227.36517190933228,424.26082611083984,313.95177125930786,429.27486419677734,289.912633895874,422.04517364501953,265.8825945854187,440.67726135253906,218.11015605926514,452.3743438720703,286.9063067436218,453.07971954345703,266.26482009887695,446.4514923095703,242.7941608428955
1,463.0940628051758,112.02094674110413,399.4225311279297,142.77727961540222,359.8596954345703,215.26855945587158,356.9519805908203,282.5369882583618,367.99205780029297,328.81301164627075,309.8911666870117,244.9973487854004,306.51193618774414,338.49329710006714,312.4517631530762,387.2734308242798,316.7488670349121,426.604528427124,346.9386672973633,237.31507301330566,381.71897888183594,339.1580128669739,399.0099334716797,341.88820123672485,400.89290618896484,337.60754585266113,393.2992935180664,227.36517190933228,424.26082611083984,313.95177125930786,429.27486419677734,289.912633895874,422.04517364501953,265.8825945854187,440.67726135253906,218.11015605926514,452.3743438720703,286.9063067436218,453.07971954345703,266.26482009887695,446.4514923095703,242.7941608428955
1,604.5273971557617,134.43356037139893,548.5298538208008,164.1794514656067,519.7643661499023,234.6466612815857,528.0561447143555,308.6826252937317,536.4946365356445,361.26694679260254,478.33091735839844,231.36037588119507,475.28926849365234,320.2635884284973,477.2802734375,378.1083869934082,480.4174041748047,424.6251440048218,519.0966415405273,227.56086587905884,547.8317642211914,327.24700927734375,562.2472381591797,304.9966263771057,560.8266830444336,273.42342138290405,564.5866394042969,224.30485725402832,588.1107711791992,305.8978486061096,593.3768463134766,279.09056425094604,587.1762466430664,250.4316759109497,609.2163848876953,223.32072257995605,616.7987823486328,289.96220111846924,622.1486663818359,265.70282220840454,619.306755065918,240.0203275680542
1,629.5486450195312,127.0728600025177,572.8566360473633,153.93842339515686,540.4680252075195,226.63503170013428,544.9858474731445,303.70968103408813,552.8533935546875,359.8461055755615,493.38497161865234,224.901123046875,488.78875732421875,315.32931089401245,491.22161865234375,374.2695665359497,494.7615051269531,421.8069362640381,532.5736236572266,223.1136989593506,564.7774124145508,321.00473642349243,579.7659683227539,296.26163721084595,575.5150985717773,264.98802423477173,579.2574310302734,221.96873903274536,604.4473266601562,304.33459281921387,612.8183746337891,276.0227394104004,606.4691543579102,247.56269931793213,625.9233856201172,221.74296140670776,635.7265853881836,285.3818893432617,641.9992065429688,261.5483593940735,638.3247375488281,237.309730052948
2,776.5168762207031,394.9556636810303,822.8557586669922,356.80853605270386,836.8406677246094,314.11508560180664,849.1507720947266,278.02186489105225,874.3280029296875,259.888072013855,787.1675109863281,232.56359338760376,754.6253967285156,255.2137327194214,744.810791015625,286.40509843826294,753.96484375,307.4948787689209,743.6054229736328,221.9935655593872,714.4058990478516,255.83171367645264,710.5170440673828,286.8264842033386,727.0964050292969,303.7835168838501,700.1567840576172,231.64114952087402,676.9641876220703,265.8227491378784,675.5168914794922,294.86289739608765,692.0277404785156,310.04488706588745,657.1162414550781,250.3142809867859,635.0204849243164,282.76843070983887,639.0662384033203,310.0996685028076,653.8027954101562,324.2046332359314
2,793.1188201904297,392.28641510009766,842.0918273925781,356.3879442214966,855.2442169189453,319.01018142700195,865.6359100341797,284.25031900405884,891.5283966064453,266.5940022468567,810.9976196289062,236.1218762397766,780.0844573974609,258.51752758026123,767.025146484375,290.93753814697266,773.8739013671875,312.10068225860596,768.5694885253906,222.39684104919434,740.9534454345703,260.31158208847046,735.9272003173828,291.8947649002075,751.6502380371094,309.2719602584839,725.3032684326172,230.516939163208,704.0605926513672,269.48102474212646,702.6506805419922,299.4272017478943,718.5661315917969,315.23951053619385,681.2897491455078,248.257155418396,661.0005187988281,286.01428985595703,667.2766876220703,312.3345708847046,683.2632446289062,324.01700735092163
2,793.4858703613281,395.24362564086914,842.7114868164062,362.7846050262451,857.2428131103516,324.26117420196533,868.2988739013672,289.22141790390015,894.2636108398438,272.41995334625244,813.536376953125,239.92943286895752,785.9016418457031,262.2512483596802,773.9726257324219,292.2054934501648,779.8782348632812,311.582887172699,771.5143585205078,226.94093227386475,746.4208221435547,257.2586488723755,740.5681610107422,287.8754425048828,753.9608001708984,305.8494186401367,728.4506225585938,233.51309537887573,708.9748382568359,263.59625816345215,706.9127655029297,293.16990852355957,721.0192108154297,310.4218339920044,684.8188018798828,249.61907386779785,667.042236328125,277.7484726905823,671.2153625488281,303.30803632736206,684.7283935546875,317.0978307723999
2,798.2576751708984,392.07634449005127,842.4476623535156,357.76387453079224,853.2007598876953,319.6215319633484,863.5756683349609,286.35890007019043,888.3903503417969,269.7646951675415,808.3994293212891,238.8819122314453,777.6816558837891,266.66022062301636,768.0745697021484,299.6454691886902,777.7610015869141,320.91281175613403,767.2391510009766,226.30509853363037,738.2874298095703,264.95800495147705,734.3657684326172,296.3324046134949,751.7707061767578,313.52362632751465,724.4792938232422,234.23866510391235,702.3712921142578,273.0997109413147,702.9796600341797,302.42475271224976,721.2316131591797,317.68126487731934,681.1791229248047,252.07353115081787,661.9332122802734,290.15703678131104,668.1423187255859,316.3764452934265,684.4535827636719,328.4785509109497
2,802.4132537841797,391.15156173706055,846.2286376953125,357.2654342651367,855.6244659423828,319.84986305236816,864.0110015869141,287.1050262451172,888.5527038574219,271.2911081314087,815.4972839355469,239.4192123413086,782.532958984375,262.08194732666016,771.7641448974609,294.22298669815063,780.5649566650391,314.5545816421509,774.6855163574219,226.72487497329712,745.5654144287109,260.03432750701904,740.5216217041016,291.4367938041687,756.6722106933594,308.63906621932983,732.7088928222656,233.80781650543213,709.6779632568359,267.86779403686523,707.9594421386719,297.5311589241028,724.4091796875,313.17451000213623,690.4529571533203,250.76823949813843,669.9070739746094,284.27119731903076,673.8011932373047,310.46361207962036,688.411865234375,323.2496380805969
2,800.511474609375,383.9920377731323,842.5672912597656,350.1680088043213,851.0272216796875,312.8098154067993,858.4033966064453,281.82931423187256,881.1669158935547,265.9922218322754,802.9863739013672,236.30988836288452,776.5570831298828,266.99307203292847,768.0252838134766,299.13479804992676,776.6637420654297,318.7345576286316,763.9778900146484,224.91766691207886,738.2968139648438,268.62443447113037,736.0147857666016,299.0590524673462,753.0502319335938,315.17809867858887,724.6822357177734,233.2470417022705,703.6079406738281,276.44500494003296,704.7222137451172,305.50060272216797,721.8828582763672,319.9906039237976,684.9619293212891,250.84136724472046,664.6814727783203,291.9206643104553,672.470703125,317.02378034591675,689.6656036376953,327.6746392250061
2,798.8930511474609,380.3326892852783,842.0972442626953,347.7048397064209,849.9771881103516,313.2065677642822,855.8562469482422,280.7664084434509,878.7261199951172,263.5469055175781,807.5798034667969,233.64952325820923,778.2518005371094,262.6627206802368,768.314208984375,295.14549493789673,777.4234771728516,313.63683700561523,766.8800354003906,221.3256311416626,740.6877899169922,258.98863077163696,735.6874084472656,290.83818912506104,752.1036529541016,307.6605749130249,725.4848480224609,229.16283130645752,703.9040374755859,268.0094575881958,702.75390625,298.2993221282959,719.5344543457031,312.7764916419983,683.9345550537109,247.06254243850708,662.4949645996094,288.7939381599426,668.1231689453125,315.7421350479126,684.8848724365234,326.4404582977295
2,797.6683044433594,379.2441415786743,840.5442810058594,344.1345405578613,847.5395965576172,307.592875957489,855.4306793212891,277.905478477478,878.4878540039062,263.5829973220825,807.1494293212891,232.1555757522583,776.6175079345703,260.77770709991455,767.2884368896484,292.8009867668152,776.9194030761719,312.0700192451477,766.8824768066406,220.7142162322998,740.8784484863281,257.86139488220215,737.2818756103516,288.4767723083496,754.3115234375,305.41528701782227,725.4746246337891,229.24484252929688,704.4966888427734,266.498966217041,704.6405029296875,295.78877449035645,721.9626617431641,310.0344157218933,683.2972717285156,247.82092094421387,663.1250762939453,287.8063488006592,669.2849731445312,313.6053156852722,685.8071136474609,323.72812271118164
2,796.583251953125,384.0515613555908,840.0293731689453,346.5044975280762,847.4781799316406,310.22950887680054,854.7251129150391,279.0367913246155,876.6761779785156,263.0678200721741,804.9090576171875,235.48516273498535,774.8703765869141,259.8218107223511,764.0670776367188,293.32584142684937,773.2173156738281,314.1308569908142,764.1323852539062,222.33231782913208,737.5995635986328,259.99051094055176,733.0288696289062,293.00249576568604,750.2903747558594,310.68209409713745,722.6094818115234,229.36607837677002,701.6320037841797,269.8959517478943,701.4927673339844,300.3962302207947,719.1950988769531,315.88600873947144,680.5044555664062,246.04883909225464,659.9177551269531,287.59185791015625,665.6910705566406,314.99122381210327,682.2422027587891,326.7076063156128
2,796.7110443115234,380.7263517379761,840.0509643554688,345.17122507095337,846.4825439453125,309.26451444625854,851.9364166259766,277.80136585235596,874.3180847167969,260.90203285217285,800.5642700195312,232.0706033706665,771.5074157714844,260.81942081451416,761.9749450683594,294.7223711013794,771.9931030273438,314.4975256919861,759.9949645996094,220.28034210205078,733.6241149902344,259.95742321014404,730.0235748291016,293.55183362960815,747.8227996826172,310.537748336792,718.8534545898438,228.71262788772583,698.3837127685547,270.7638716697693,699.9362945556641,301.87698125839233,718.6513519287109,315.937979221344,677.3915863037109,247.20356225967407,657.9447174072266,289.2771863937378,665.0541687011719,315.6777620315552,682.4222564697266,325.45969247817993
2,797.9483032226562,381.89682483673096,839.9928283691406,345.7766532897949,846.3531494140625,311.0200309753418,851.5176391601562,278.5895276069641,874.9882507324219,261.86825037002563,804.1485595703125,234.67494249343872,771.9083404541016,257.389132976532,760.9527587890625,291.20399951934814,770.7087707519531,311.694016456604,764.4023895263672,221.4188003540039,735.0806427001953,258.98032665252686,730.3874969482422,292.8509187698364,748.1739044189453,310.1146674156189,723.3949279785156,228.54459285736084,700.1415252685547,269.5208501815796,699.2896270751953,301.0158634185791,717.1706390380859,315.70889711380005,681.5839385986328,245.32412767410278,659.3180084228516,287.6926875114441,664.4599914550781,315.1922392845154,681.3465118408203,325.9597635269165
2,805.5433654785156,384.8087167739868,846.5591430664062,349.01328563690186,854.2822265625,310.7429265975952,863.5237884521484,279.7567391395569,887.1868896484375,266.56256675720215,814.2898559570312,235.412335395813,785.0879669189453,260.9625005722046,775.1065826416016,292.54993200302124,784.4931793212891,312.6669716835022,773.870849609375,223.62589359283447,748.1303405761719,259.3225121498108,743.7096405029297,290.2523732185364,760.2780914306641,307.22633600234985,733.1378173828125,231.29031658172607,712.2642517089844,266.7461371421814,710.5418395996094,296.0475540161133,726.4752197265625,311.27537727355957,692.4428558349609,248.7028956413269,671.8730163574219,286.52358770370483,675.1691436767578,313.09224128723145,689.5161437988281,324.81523275375366
2,814.0974426269531,384.16468620300293,855.5451965332031,348.88323068618774,861.9532775878906,312.2465515136719,870.6697082519531,283.9345908164978,892.5878143310547,269.4743514060974,825.1664733886719,237.79563903808594,795.6478881835938,267.5250506401062,786.12060546875,299.0421652793884,795.5025482177734,319.2376756668091,784.7207641601562,225.51084280014038,758.8835906982422,265.03321409225464,754.4875335693359,294.51324462890625,770.9952545166016,310.9049963951111,743.3648681640625,233.37722539901733,721.4979553222656,271.33801460266113,720.1158142089844,299.901180267334,736.2794494628906,314.2465353012085,701.8710327148438,251.24590873718262,681.0581207275391,292.14905977249146,684.8091125488281,318.7091088294983,699.0348052978516,329.56139087677
2,824.6944427490234,388.6384391784668,865.4814910888672,351.37534618377686,868.865966796875,313.3166241645813,873.4157562255859,283.92139434814453,894.6340942382812,269.63294506073,834.2527770996094,237.65695810317993,805.1325225830078,264.949893951416,795.7868957519531,297.04379081726074,805.2195739746094,316.1517834663391,793.5829162597656,225.18326997756958,767.6205444335938,264.73355770111084,763.0065155029297,295.2419686317444,779.9642181396484,310.870943069458,753.2080841064453,233.1483793258667,730.8898162841797,272.0698070526123,729.3956756591797,301.8844270706177,745.4283905029297,316.3817238807678,712.8802490234375,251.61847829818726,690.18798828125,292.5215005874634,695.29052734375,319.40727710723877,710.8933258056641,330.67173957824707
2,828.6982727050781,384.63568210601807,866.8910980224609,346.3144040107727,869.2880249023438,309.0834331512451,874.3017578125,284.37925815582275,893.75,271.828236579895,831.0098266601562,236.5362024307251,795.6913757324219,256.0739278793335,787.6967620849609,287.29443311691284,798.7779998779297,306.88196182250977,792.1994018554688,226.0097336769104,759.0997314453125,255.7010579109192,754.073486328125,286.6910433769226,771.8721771240234,301.8853497505188,753.5482788085938,235.2504801750183,724.6201324462891,265.3083872795105,722.7898406982422,295.8750557899475,740.1876831054688,308.57274055480957,715.3870391845703,255.16708374023438,687.6486206054688,288.8999605178833,690.8103942871094,316.3704586029053,707.5235748291016,327.8459572792053
2,856.3186645507812,393.88299465179443,892.8830718994141,357.85783767700195,895.2537536621094,326.47281646728516,900.1771545410156,300.29677391052246,920.2616882324219,282.32434272766113,865.5005645751953,245.95039129257202,838.4393310546875,273.27276706695557,827.1712493896484,306.2022042274475,836.0624694824219,325.9599781036377,827.0284271240234,231.37915134429932,800.9705352783203,269.37867164611816,794.6141815185547,304.1394352912903,810.9010314941406,321.9460415840149,787.1361541748047,236.82740449905396,762.9747772216797,275.8370876312256,758.8252258300781,308.9107418060303,774.0886688232422,325.2261471748352,746.5875244140625,253.23503494262695,723.4207153320312,294.0858292579651,723.9967346191406,322.52209424972534,736.0165405273438,336.0526371002197
2,852.6751708984375,387.9280185699463,891.943359375,355.12882947921753,894.0166473388672,321.69153213500977,898.048095703125,296.56221628189087,916.943359375,281.4974284172058,859.7752380371094,245.2711057662964,833.1948089599609,272.40684270858765,822.9147338867188,303.5222268104553,831.4490509033203,323.880558013916,820.7798767089844,232.18656063079834,796.8361663818359,270.9155559539795,791.6043090820312,300.9506106376648,808.2968902587891,317.6058626174927,781.8165588378906,239.0825629234314,759.0560150146484,277.0657539367676,755.8711242675781,306.916401386261,771.6590881347656,322.0476007461548,742.6023864746094,256.3378572463989,718.6289978027344,295.99438190460205,720.9351348876953,323.1357192993164,735.7139587402344,335.33700227737427
2,743.392333984375,444.73098278045654,810.7632446289062,437.2119140625,853.4095764160156,398.7272787094116,884.0824890136719,363.71363639831543,924.3943786621094,352.9713463783264,819.2592620849609,302.85332679748535,808.9810180664062,309.5058488845825,802.2770690917969,335.18553256988525,799.1948699951172,352.177369594574,781.8627166748047,284.3539810180664,768.1539916992188,300.49583673477173,766.3120269775391,325.13718366622925,769.2331695556641,342.00188398361206,743.3527374267578,281.7970848083496,733.4180450439453,295.1627039909363,734.8720550537109,319.46208000183105,737.5247955322266,336.9365644454956,706.5731048583984,286.8183732032776,697.7818298339844,298.88230562210083,700.6279754638672,321.158652305603,702.5788879394531,337.86012411117554
2,604.3258666992188,494.71263885498047,685.2989196777344,475.6537628173828,744.8443603515625,430.44811248779297,788.7460327148438,382.78457164764404,835.0944519042969,359.1039276123047,696.0425567626953,317.22365856170654,703.0904388427734,323.20629358291626,698.7661743164062,358.29035997390747,691.1814880371094,379.8626375198364,648.4735870361328,307.27041006088257,654.2946624755859,322.8907799720764,654.5005798339844,354.2240881919861,649.1378784179688,373.41108798980713,603.2505416870117,315.7235527038574,614.2515182495117,326.2479829788208,616.9699096679688,352.05366611480713,613.9844512939453,372.02290534973145,565.2719879150391,331.93109035491943,576.1948394775391,337.33805894851685,580.2470397949219,363.106427192688,578.4791564941406,382.1562910079956
2,532.8823089599609,488.8382577896118,614.8401641845703,471.2827491760254,675.1572418212891,424.7726011276245,716.6471099853516,375.2571773529053,758.5142517089844,348.5844326019287,618.6566162109375,322.01451301574707,635.364875793457,315.3536653518677,633.6440277099609,347.7542781829834,625.2304840087891,368.3847999572754,569.371452331543,314.0555191040039,586.2580490112305,318.25547218322754,589.1067886352539,347.16455698013306,583.3376693725586,366.80954933166504,525.9784317016602,322.07841396331787,543.4971237182617,319.7506642341614,547.7509307861328,344.1944932937622,543.9449310302734,365.505952835083,489.83734130859375,334.76646423339844,501.7401885986328,327.2790241241455,504.3854522705078,349.6910047531128,501.32835388183594,368.5119152069092
2,466.11541748046875,486.53318881988525,549.3130874633789,466.1101198196411,612.7451324462891,415.37135124206543,649.7592926025391,361.36337757110596,691.5321350097656,331.1345386505127,555.7353210449219,310.5563735961914,572.0175170898438,312.959246635437,569.880256652832,347.43204832077026,561.2724685668945,369.3700933456421,507.52750396728516,304.1656565666199,524.2739105224609,317.40081310272217,526.2407684326172,348.1011414527893,520.860595703125,368.88339042663574,464.00962829589844,314.5657181739807,479.9657440185547,320.08315086364746,483.7901306152344,346.88462018966675,480.8448791503906,369.61522579193115,425.69202423095703,331.1595153808594,437.1239471435547,329.9270725250244,441.8363952636719,354.4933605194092,439.8011779785156,373.9009666442871
2,418.6576461791992,496.4079236984253,497.59796142578125,474.18734550476074,555.6488418579102,418.8233757019043,589.3886184692383,362.34025955200195,628.1333160400391,325.59736490249634,505.17154693603516,311.34936332702637,510.20240783691406,308.6393880844116,503.2093811035156,343.7930202484131,496.87957763671875,365.87214946746826,453.20972442626953,309.1951632499695,453.1111145019531,312.38935232162476,452.9738998413086,341.61330699920654,453.0495834350586,361.95136070251465,403.58612060546875,323.4395170211792,406.01009368896484,318.53789806365967,409.01790618896484,344.6404266357422,410.9007263183594,365.53985595703125,358.4834671020508,344.04229402542114,362.6566696166992,337.97382831573486,369.7996520996094,361.1225366592407,373.4690856933594,379.05012130737305
2,384.8210144042969,509.39170360565186,468.3238983154297,478.89824867248535,526.5689468383789,422.9954767227173,559.8698806762695,361.83239936828613,593.1291198730469,322.7438163757324,449.49440002441406,318.68797302246094,492.1352005004883,310.7560157775879,508.5361862182617,342.41339921951294,505.3558349609375,364.2070770263672,398.89705657958984,326.4308452606201,437.1820831298828,317.5462746620178,454.2976379394531,339.58800315856934,452.4385070800781,359.0807318687439,356.27994537353516,350.28924465179443,387.2226333618164,337.39704608917236,403.7685012817383,352.9364776611328,405.5636978149414,373.0808973312378,326.18629455566406,380.2210235595703,350.2986145019531,363.51129055023193,364.2467498779297,376.49030685424805,364.47216033935547,393.61610412597656
2,354.6774673461914,526.4580631256104,433.15513610839844,487.5141906738281,489.84375,424.7633743286133,522.6630401611328,365.8624076843262,552.331428527832,321.0178470611572,411.2881851196289,325.8270263671875,450.38169860839844,347.0634698867798,461.43890380859375,387.02520847320557,456.6853332519531,413.33240032196045,359.8122024536133,331.0707449913025,397.2404098510742,361.45976543426514,406.5093231201172,394.27043437957764,398.88118743896484,415.18372535705566,318.90846252441406,355.1486349105835,352.6180648803711,375.366268157959,362.4361801147461,400.2457094192505,356.9841003417969,418.49438667297363,285.9275436401367,384.33308601379395,315.6581115722656,392.5565242767334,327.3773956298828,414.17736053466797,323.9303970336914,429.8457098007202
2,361.5171813964844,525.2730846405029,436.1293029785156,484.0482187271118,493.57120513916016,425.9736728668213,532.7314758300781,372.92884826660156,567.7487182617188,336.915385723114,404.78607177734375,323.07623863220215,447.92877197265625,349.15836095809937,461.64161682128906,386.3082218170166,458.52474212646484,410.44333934783936,348.97960662841797,329.7136330604553,393.1550979614258,356.08376026153564,405.6208801269531,385.22366523742676,399.0768814086914,409.0126705169678,306.60810470581055,353.8665819168091,345.7815170288086,368.28339099884033,360.63282012939453,390.81145763397217,359.6519088745117,412.7194404602051,273.86695861816406,382.15882301330566,306.0009002685547,383.40405464172363,320.4237365722656,402.625150680542,320.3130340576172,421.09256744384766
2,345.1874542236328,520.3825807571411,428.96278381347656,482.2505807876587,487.9927444458008,425.631422996521,531.2210845947266,377.60486125946045,568.8854598999023,343.51250410079956,410.05565643310547,321.9121813774109,438.1158447265625,351.4252996444702,443.1885528564453,388.32180976867676,438.37730407714844,410.25176525115967,352.05982208251953,325.4469680786133,384.25506591796875,352.73011922836304,390.47454833984375,384.76425647735596,382.7024459838867,408.33001613616943,306.4088439941406,346.73864364624023,336.66927337646484,360.6920528411865,347.2388458251953,386.5286350250244,345.47088623046875,408.5557508468628,268.50128173828125,372.276406288147,296.59290313720703,378.12018871307373,309.79440689086914,399.55309867858887,309.03736114501953,417.8918123245239
2,304.6388626098633,432.98213481903076,397.18666076660156,404.06363010406494,467.6997756958008,355.25047302246094,515.1768112182617,303.14470052719116,531.5963745117188,266.19025468826294,402.3326873779297,240.88876247406006,444.10266876220703,214.53500747680664,463.88816833496094,224.81988430023193,470.6536865234375,241.73526763916016,348.0893325805664,232.2674560546875,390.48797607421875,220.8044457435608,405.9014129638672,243.07851791381836,402.3133087158203,265.50764322280884,302.7011489868164,245.3993797302246,341.10042572021484,231.54905319213867,352.63492584228516,252.13726043701172,349.9342727661133,276.0311508178711,266.7558479309082,265.9241795539856,300.02540588378906,248.7082815170288,312.2416687011719,266.65940523147583,311.47090911865234,288.80831480026245
2,304.6388626098633,432.98213481903076,397.18666076660156,404.06363010406494,467.6997756958008,355.25047302246094,515.1768112182617,303.14470052719116,531.5963745117188,266.19025468826294,402.3326873779297,240.88876247406006,444.10266876220703,214.53500747680664,463.88816833496094,224.81988430023193,470.6536865234375,241.73526763916016,348.0893325805664,232.2674560546875,390.48797607421875,220.8044457435608,405.9014129638672,243.07851791381836,402.3133087158203,265.50764322280884,302.7011489868164,245.3993797302246,341.10042572021484,231.54905319213867,352.63492584228516,252.13726043701172,349.9342727661133,276.0311508178711,266.7558479309082,265.9241795539856,300.02540588378906,248.7082815170288,312.2416687011719,266.65940523147583,311.47090911865234,288.80831480026245
2,304.6388626098633,432.98213481903076,397.18666076660156,404.06363010406494,467.6997756958008,355.25047302246094,515.1768112182617,303.14470052719116,531.5963745117188,266.19025468826294,402.3326873779297,240.88876247406006,444.10266876220703,214.53500747680664,463.88816833496094,224.81988430023193,470.6536865234375,241.73526763916016,348.0893325805664,232.2674560546875,390.48797607421875,220.8044457435608,405.9014129638672,243.07851791381836,402.3133087158203,265.50764322280884,302.7011489868164,245.3993797302246,341.10042572021484,231.54905319213867,352.63492584228516,252.13726043701172,349.9342727661133,276.0311508178711,266.7558479309082,265.9241795539856,300.02540588378906,248.7082815170288,312.2416687011719,266.65940523147583,311.47090911865234,288.80831480026245
2,304.6388626098633,432.98213481903076,397.18666076660156,404.06363010406494,467.6997756958008,355.25047302246094,515.1768112182617,303.14470052719116,531.5963745117188,266.19025468826294,402.3326873779297,240.88876247406006,444.10266876220703,214.53500747680664,463.88816833496094,224.81988430023193,470.6536865234375,241.73526763916016,348.0893325805664,232.2674560546875,390.48797607421875,220.8044457435608,405.9014129638672,243.07851791381836,402.3133087158203,265.50764322280884,302.7011489868164,245.3993797302246,341.10042572021484,231.54905319213867,352.63492584228516,252.13726043701172,349.9342727661133,276.0311508178711,266.7558479309082,265.9241795539856,300.02540588378906,248.7082815170288,312.2416687011719,266.65940523147583,311.47090911865234,288.80831480026245
2,304.6388626098633,432.98213481903076,397.18666076660156,404.06363010406494,467.6997756958008,355.25047302246094,515.1768112182617,303.14470052719116,531.5963745117188,266.19025468826294,402.3326873779297,240.88876247406006,444.10266876220703,214.53500747680664,463.88816833496094,224.81988430023193,470.6536865234375,241.73526763916016,348.0893325805664,232.2674560546875,390.48797607421875,220.8044457435608,405.9014129638672,243.07851791381836,402.3133087158203,265.50764322280884,302.7011489868164,245.3993797302246,341.10042572021484,231.54905319213867,352.63492584228516,252.13726043701172,349.9342727661133,276.0311508178711,266.7558479309082,265.9241795539856,300.02540588378906,248.7082815170288,312.2416687011719,266.65940523147583,311.47090911865234,288.80831480026245
2,800.1337432861328,541.0601377487183,874.7674560546875,509.7571277618408,919.1925811767578,455.9148073196411,950.3987121582031,405.3958511352539,996.9479370117188,387.4223041534424,871.4567565917969,336.5508842468262,844.4832611083984,350.8402991294861,831.3970947265625,381.36690616607666,834.1281127929688,405.5872964859009,811.0671997070312,324.488046169281,787.6431274414062,354.0275573730469,781.8332672119141,386.31890773773193,790.9722137451172,409.50555324554443,752.2041320800781,333.9310097694397,739.2703247070312,362.9629611968994,738.7727355957031,392.3400592803955,750.2408599853516,415.03944396972656,696.9062042236328,353.08899879455566,686.5550231933594,376.5460538864136,691.5866088867188,405.43413162231445,700.8136749267578,423.8051176071167
2,758.8890838623047,630.3262853622437,839.8509216308594,584.7972249984741,892.9907989501953,520.7438850402832,931.2612915039062,467.86025047302246,983.4652709960938,450.24444580078125,846.0318756103516,403.2929992675781,829.2692565917969,419.12421226501465,823.0322265625,453.99447441101074,822.8052520751953,477.88042545318604,781.0083770751953,396.85132026672363,769.8633575439453,423.0151319503784,769.0207672119141,456.40588760375977,771.0197448730469,481.1850357055664,718.5896301269531,411.38219833374023,717.4946594238281,435.7101345062256,719.9175262451172,464.29102420806885,723.4860229492188,488.834867477417,661.2920379638672,435.3324794769287,664.3734741210938,454.122576713562,672.9363250732422,482.29379653930664,677.69287109375,502.0699167251587
2,740.3239440917969,606.5840148925781,814.7311401367188,564.695634841919,865.0061798095703,501.24568462371826,898.5778045654297,442.2864818572998,948.7798309326172,423.9808988571167,812.3267364501953,387.6429319381714,787.764892578125,400.8264398574829,779.7031402587891,436.4906358718872,782.6728820800781,462.77074813842773,750.6253051757812,379.33825492858887,729.8109436035156,409.48705673217773,728.9450073242188,442.7924966812134,737.1202087402344,466.0302543640137,691.5122222900391,391.6732406616211,679.9420166015625,421.99782371520996,682.7068328857422,450.74329376220703,692.8028869628906,473.0583715438843,636.0971450805664,411.80238246917725,629.9830627441406,434.3446969985962,636.6555023193359,462.3868703842163,644.1593933105469,480.2116298675537
2,754.2169952392578,494.2828416824341,829.9656677246094,465.4767322540283,877.8955078125,417.3874282836914,908.4255218505859,370.5654573440552,954.2744445800781,355.64353466033936,825.3972625732422,301.0381579399109,798.26171875,320.57427406311035,787.5709533691406,352.508225440979,788.9399719238281,377.58074283599854,766.7578125,288.66042852401733,742.8871917724609,322.76312828063965,738.3196258544922,353.6485719680786,746.5643310546875,376.2183952331543,710.1806640625,298.1917977333069,696.1677551269531,331.58270359039307,696.6653442382812,359.1887068748474,706.8039703369141,380.3195571899414,655.821533203125,316.8377637863159,644.4690704345703,340.51649808883667,650.8264923095703,367.4945640563965,659.7409820556641,384.4074583053589
2,768.1112670898438,496.98620796203613,840.7049560546875,466.8293809890747,886.365966796875,414.02801513671875,918.9194488525391,368.64216327667236,962.3000335693359,354.7382354736328,838.0718994140625,299.8881983757019,812.7639007568359,320.08460998535156,800.9842681884766,349.8466372489929,800.7691955566406,371.022891998291,778.4471893310547,287.188196182251,757.225341796875,320.95006227493286,751.2948608398438,351.1451482772827,757.0054626464844,371.8350648880005,721.1966705322266,296.0479402542114,708.2603454589844,328.97735595703125,707.7593231201172,356.9312310218811,716.2470245361328,377.23681926727295,666.8673706054688,314.1245484352112,656.9324493408203,340.5033016204834,661.5081024169922,369.1743564605713,669.0319061279297,387.0551633834839
2,790.4996490478516,471.10018730163574,863.6380767822266,443.9228868484497,905.2872467041016,399.2892122268677,934.2396545410156,356.2190294265747,977.786865234375,342.8791379928589,855.7125854492188,284.58520889282227,827.9481506347656,297.9550766944885,814.2582702636719,326.51328563690186,816.8003082275391,348.78066301345825,799.4853210449219,271.1979818344116,774.7987365722656,301.18243932724,769.3506622314453,331.59199476242065,780.2562713623047,352.3951005935669,744.4211578369141,280.03976583480835,729.1236877441406,310.95396280288696,729.0664672851562,339.3485355377197,741.6054534912109,359.74838733673096,692.2061920166016,297.80982971191406,679.6452331542969,323.95066022872925,685.6614685058594,352.0407700538635,696.6538238525391,369.4887971878052
2,842.5422668457031,462.0426893234253,902.8542327880859,428.5061502456665,932.7201843261719,382.8575277328491,958.2660675048828,348.3561658859253,992.4917602539062,338.2339811325073,891.7618560791016,280.29582023620605,865.3759765625,289.27847385406494,852.7973175048828,318.3132576942444,856.2248992919922,342.33617305755615,841.2332916259766,265.8663296699524,812.3886108398438,295.5691123008728,807.4330139160156,325.6152391433716,820.185546875,346.06356382369995,790.736083984375,273.8168692588806,770.7112884521484,304.34545040130615,771.2397766113281,332.0458459854126,785.0458526611328,352.4032974243164,743.2747650146484,290.49078941345215,725.3292846679688,318.10940980911255,730.924072265625,344.3838143348694,743.2747650146484,361.72154903411865
3,895.5901336669922,432.42372035980225,826.0150909423828,431.8538475036621,752.8668212890625,386.1830806732178,695.5320739746094,349.10744190216064,646.1167907714844,344.81942653656006,772.2662353515625,303.7873578071594,794.9726867675781,243.99016857147217,804.2564392089844,297.4166178703308,793.6370086669922,322.5038766860962,816.6895294189453,301.4493942260742,835.6057739257812,256.0897207260132,841.0430145263672,324.9342370033264,821.5087890625,329.9474573135376,857.0566558837891,300.73970317840576,871.204833984375,264.8126721382141,874.0492248535156,327.44422674179077,859.4426727294922,336.16243600845337,895.9188079833984,300.3951573371887,902.3107147216797,270.3171443939209,902.9914855957031,315.56262016296387,897.6871490478516,330.9046411514282
3,889.1661071777344,425.15952587127686,818.7722778320312,423.54517936706543,747.6834106445312,379.8931074142456,690.1072692871094,344.4175457954407,642.1887969970703,341.40220642089844,769.8574829101562,298.7033700942993,787.4626922607422,240.53290843963623,796.3011932373047,295.0442361831665,787.1892547607422,320.36913871765137,814.296875,295.78038454055786,826.2095642089844,252.21598863601685,830.8281707763672,319.1584539413452,815.5967712402344,325.89768648147583,854.6412658691406,295.24023056030273,861.9187927246094,259.91328477859497,865.0527191162109,321.47740602493286,854.1855621337891,331.7972803115845,893.7162780761719,295.5283212661743,894.4744873046875,264.0639281272888,895.2284240722656,308.25892210006714,892.0602416992188,324.7159481048584
3,855.8133697509766,405.70441246032715,790.1116943359375,405.46528816223145,715.7839965820312,362.97991275787354,658.0918121337891,326.29454612731934,612.0109939575195,322.13420391082764,736.1574554443359,282.4073839187622,751.2307739257812,226.71270847320557,763.1580352783203,280.59534788131714,756.2352752685547,303.29760789871216,779.7911071777344,278.50054264068604,788.8399505615234,237.8380823135376,796.7906188964844,302.38572120666504,783.9215087890625,308.05638313293457,819.7832489013672,278.1786775588989,825.5914306640625,246.3367795944214,832.3110961914062,303.68624925613403,823.5566711425781,311.734356880188,858.6219024658203,278.6354899406433,858.1389617919922,251.99445962905884,862.0932769775391,293.789541721344,861.0420989990234,306.2416648864746
3,827.4977111816406,386.0835599899292,760.1570129394531,388.2658052444458,687.1015167236328,349.1246294975281,630.0918197631836,314.8540234565735,585.6606292724609,310.43578147888184,707.6011657714844,265.83377838134766,722.2092437744141,213.7787103652954,733.1202697753906,266.3494062423706,726.0086822509766,289.23126697540283,751.2457275390625,261.95714950561523,759.5255279541016,224.63659286499023,766.6161346435547,287.6368975639343,753.4288024902344,293.85473012924194,791.1801147460938,261.6969108581543,796.8317413330078,233.27978610992432,802.3466491699219,289.74002838134766,792.2071838378906,298.0132055282593,829.7587585449219,262.76387214660645,829.8340606689453,238.16389560699463,832.0037841796875,279.46757555007935,828.4828948974609,292.83559799194336
3,803.0551910400391,374.5100212097168,734.8595428466797,379.152774810791,661.7444610595703,340.1475763320923,604.9188995361328,301.890070438385,559.2262268066406,297.3118185997009,683.9730834960938,254.57974433898926,695.3260803222656,203.80655765533447,704.9600982666016,257.30334520339966,699.6164703369141,280.2937602996826,728.1964111328125,251.0187578201294,735.1473236083984,216.09251260757446,740.5649566650391,280.04120349884033,727.3077392578125,282.7683448791504,768.5044097900391,250.97753763198853,772.4234771728516,223.92218112945557,775.8110046386719,279.93485927581787,765.7006072998047,284.7843360900879,807.2957611083984,251.20612621307373,806.9447326660156,227.51797199249268,807.8668212890625,268.53137254714966,805.4125213623047,279.3515968322754
3,781.3496398925781,366.3226318359375,714.9201202392578,369.8155117034912,640.2002716064453,330.7863664627075,582.8487014770508,294.6691131591797,537.5811767578125,291.1246061325073,664.5021057128906,244.95956182479858,671.7790222167969,197.1932816505432,682.4289703369141,250.73719024658203,678.7779235839844,272.5916790962219,707.7301025390625,240.67163228988647,711.7989349365234,210.1369571685791,718.6857604980469,272.1580410003662,707.73681640625,272.96802520751953,747.8177642822266,240.43896675109863,750.2846527099609,218.75178337097168,754.7055816650391,271.6959285736084,746.1284637451172,273.1016206741333,786.9902038574219,240.58683156967163,785.3036499023438,221.89634084701538,786.7282104492188,260.6105947494507,785.5207061767578,268.10445070266724
3,744.8440551757812,356.2750554084778,678.2101440429688,361.420841217041,605.4921340942383,323.20032835006714,550.758056640625,288.1091809272766,507.03468322753906,281.95576429367065,634.9468231201172,240.84123373031616,637.8558349609375,191.0062837600708,646.5720367431641,242.1710729598999,646.4759063720703,266.81737661361694,677.6170349121094,235.71139097213745,678.4792327880859,201.82652950286865,684.4752502441406,261.2532091140747,679.8735046386719,269.7621202468872,716.9895935058594,235.03178358078003,716.1454010009766,210.35058975219727,720.3119659423828,263.81611347198486,716.5453338623047,272.26356983184814,755.8530426025391,235.8333134651184,751.0468292236328,213.87127876281738,751.9489288330078,253.19986581802368,751.9147491455078,264.70722913742065
3,735.986328125,374.46375846862793,667.4216461181641,373.11304092407227,593.2964706420898,335.82003593444824,537.4851989746094,302.0236873626709,493.5137176513672,297.2749328613281,620.5825424194336,254.67984437942505,619.2822647094727,203.9408826828003,628.3193969726562,252.36801624298096,630.1902389526367,274.83237504959106,663.8842010498047,250.20435333251953,662.5714111328125,215.55426836013794,669.6440887451172,274.5737028121948,666.6332244873047,281.0882306098938,704.1809844970703,248.6483073234558,699.7809600830078,221.79666996002197,704.5610046386719,274.7294855117798,702.7933502197266,281.1603283882141,743.8962554931641,248.3712673187256,735.0198364257812,225.51622867584229,736.2357330322266,265.05518674850464,739.0342712402344,276.07280015945435
3,770.1954650878906,385.9442138671875,702.1102142333984,388.79465103149414,627.2936630249023,347.11172819137573,569.9054718017578,309.2990827560425,524.0964508056641,302.04872846603394,656.8234252929688,264.76452112197876,659.6334075927734,213.5061550140381,669.2359924316406,264.0345096588135,667.6919555664062,287.8269910812378,700.374755859375,261.00876331329346,703.5476684570312,224.20767545700073,710.4145812988281,288.9015483856201,701.4359283447266,295.14654636383057,740.3443908691406,260.18442392349243,740.7545471191406,230.0536036491394,745.3080749511719,287.750301361084,738.1386566162109,295.20439624786377,779.1110992431641,260.68782091140747,777.2293090820312,233.12464714050293,778.2313537597656,274.4738173484802,775.7884216308594,286.90946102142334
3,762.3657989501953,390.95458030700684,691.5264129638672,396.1611557006836,618.8261795043945,360.1290464401245,561.6095733642578,324.1557741165161,514.5565795898438,319.03284072875977,646.9081115722656,271.5740489959717,650.8896636962891,219.62380170822144,659.3990325927734,270.2271294593811,658.9616394042969,294.3585991859436,691.7778015136719,269.4977617263794,696.2425994873047,231.75515413284302,702.3428344726562,295.99955320358276,692.4259948730469,299.2382884025574,732.5247955322266,268.053617477417,733.4918212890625,237.45868921279907,737.0245361328125,294.91838693618774,729.4324493408203,301.30738735198975,771.8209838867188,266.4630889892578,768.709716796875,239.1564416885376,768.8651275634766,281.70286417007446,767.3985290527344,295.39740800857544
3,764.7028350830078,387.0498847961426,693.8032531738281,390.85707664489746,621.9654846191406,354.92470264434814,565.9064483642578,318.66222381591797,520.1322174072266,313.3756756782532,651.0546112060547,267.72778272628784,655.2500152587891,215.34138679504395,663.0286407470703,264.3212056159973,662.7896881103516,289.8788380622864,694.9992370605469,265.9212613105774,699.3238830566406,229.2047381401062,705.7524871826172,293.1478714942932,695.8553314208984,295.1645278930664,735.3372955322266,264.546103477478,736.9198608398438,236.05971336364746,740.1460266113281,293.1685781478882,731.7723846435547,297.7048587799072,774.5606231689453,262.71868228912354,772.2660064697266,237.61760473251343,772.4501800537109,279.30456161499023,771.0110473632812,290.3963541984558
3,767.8013610839844,390.2304697036743,697.4411773681641,396.5498399734497,624.0025329589844,359.14825916290283,567.8604888916016,321.7046856880188,522.1603393554688,317.0634341239929,653.4227752685547,271.62235021591187,656.8137359619141,220.67996978759766,665.5484008789062,270.7561469078064,665.5384826660156,294.587767124176,697.7881622314453,270.48391342163086,702.5587463378906,233.56410026550293,708.4795379638672,297.99691915512085,698.7596893310547,301.5474343299866,738.0423736572266,269.4163513183594,739.8890686035156,240.44201374053955,743.1971740722656,297.7612066268921,735.4141235351562,302.99076318740845,776.9534301757812,267.38025426864624,774.8224639892578,241.5276861190796,775.2695465087891,283.81964206695557,774.3426513671875,295.6770658493042
3,775.4302978515625,390.316858291626,703.9170837402344,394.83816146850586,630.8194351196289,357.9223394393921,573.6330032348633,321.55606985092163,528.0347442626953,317.25249767303467,657.7069854736328,272.28062868118286,663.2393646240234,218.76163244247437,672.2069549560547,268.73706579208374,670.7923126220703,293.3508610725403,702.7030181884766,270.49005031585693,708.7269592285156,231.57892227172852,714.7843170166016,295.42186975479126,703.6856842041016,298.94232273101807,743.6178588867188,269.4042491912842,746.1076354980469,239.2197847366333,749.9667358398438,295.9714651107788,741.5174102783203,301.77037954330444,782.8851318359375,268.1425166130066,781.1581420898438,241.68471336364746,781.8186187744141,283.50213289260864,780.1725006103516,296.00433826446533
3,779.8785400390625,393.394832611084,707.9590606689453,396.91916942596436,635.9497833251953,355.72503089904785,580.3297424316406,316.0626482963562,534.7348785400391,308.8222289085388,664.2060852050781,275.32718896865845,670.6349182128906,223.508563041687,679.4858551025391,277.08377838134766,675.7404327392578,298.60028743743896,709.6759033203125,274.3906259536743,714.2599487304688,234.7282862663269,719.0464782714844,299.95896577835083,707.4943542480469,303.02507400512695,750.3205871582031,273.96421909332275,751.5578460693359,241.47586584091187,754.2240142822266,300.3786563873291,745.7107543945312,306.36345863342285,789.4808959960938,272.5043249130249,787.635498046875,243.88142108917236,786.8753814697266,286.34357929229736,785.059814453125,299.1980767250061
3,781.1837768554688,394.1121196746826,712.1040344238281,398.8289451599121,638.8150024414062,356.66736602783203,584.3920516967773,315.32177925109863,539.4799041748047,307.63169288635254,665.9806060791016,271.4069366455078,671.5239715576172,221.1911129951477,680.6428527832031,273.45202445983887,677.8573608398438,296.07710123062134,710.4431915283203,270.4367923736572,714.8270416259766,234.2874813079834,720.3384399414062,299.7099280357361,708.4993743896484,302.0648002624512,751.2353515625,270.8764600753784,752.5708770751953,241.63561820983887,755.8362579345703,300.86915731430054,746.4559173583984,305.9570503234863,790.859375,270.45363664627075,788.8108825683594,244.25154447555542,788.9259338378906,287.0590853691101,786.6392517089844,298.5273313522339
3,781.91650390625,394.57740783691406,710.1748657226562,396.61914825439453,639.4468688964844,354.5243453979492,585.2787780761719,312.5447702407837,539.4207000732422,302.06849098205566,666.5594482421875,270.092933177948,672.8817749023438,220.52850008010864,682.9035949707031,272.9350018501282,679.6109008789062,296.58315896987915,711.1575317382812,269.87773418426514,716.6246795654297,233.85837078094482,723.4800720214844,300.3651809692383,710.4062652587891,302.581844329834,751.6485595703125,270.2180314064026,754.0425872802734,240.70313215255737,758.0891418457031,300.3688716888428,747.8472900390625,305.2571654319763,791.3074493408203,269.14458990097046,790.6248474121094,242.1481990814209,791.0662841796875,285.5837631225586,788.0821228027344,297.3640036582947
3,782.4618530273438,392.751145362854,713.0445098876953,396.26612663269043,640.5455017089844,353.2076597213745,586.5241241455078,311.3413381576538,541.5031814575195,303.23076725006104,668.8525390625,270.6418204307556,676.3325500488281,219.743492603302,684.93408203125,272.04148292541504,681.4048767089844,295.3243017196655,713.8789367675781,270.51358938217163,719.7471618652344,233.69057178497314,725.0595092773438,299.44005489349365,712.5738525390625,301.7166066169739,754.5750427246094,271.064772605896,756.9094848632812,241.17565155029297,759.7600555419922,300.22353887557983,750.0099182128906,305.0739812850952,793.7694549560547,270.21620750427246,793.0002593994141,243.48889589309692,793.0889892578125,286.1772394180298,790.8406829833984,297.55074977874756
3,783.6212921142578,395.7062530517578,712.5521087646484,395.7944440841675,640.9252166748047,353.2080888748169,586.202278137207,311.6373896598816,540.5826187133789,302.21131324768066,668.4356689453125,270.30141592025757,675.7999420166016,220.08100032806396,684.6675872802734,272.5867223739624,681.0256195068359,295.965735912323,713.3926391601562,270.3676986694336,719.5076751708984,233.87804746627808,725.0505828857422,300.89718103408813,711.7738342285156,301.77029371261597,754.2662048339844,271.13622665405273,757.1554565429688,240.8604598045349,759.5062255859375,300.6565761566162,749.7092437744141,305.61110973358154,793.9535522460938,271.041898727417,793.7512969970703,242.96000719070435,792.4160766601562,286.01085662841797,789.5571899414062,298.27754259109497
3,784.0309906005859,391.21949672698975,714.1690063476562,395.9416437149048,641.4060974121094,354.9895906448364,586.9020462036133,312.53382682800293,541.1284637451172,302.73786306381226,667.3107147216797,271.0572838783264,672.8985595703125,221.21982336044312,683.8434600830078,270.6774401664734,681.7128753662109,294.3609595298767,711.0735321044922,269.96676206588745,716.5628814697266,234.53484535217285,725.6472015380859,299.6759819984436,712.5545501708984,301.4346957206726,751.2258148193359,268.99972915649414,753.9454650878906,240.15392303466797,760.0890350341797,298.94378185272217,749.2809295654297,304.1500782966614,790.1618957519531,266.8859124183655,789.6697235107422,241.36117458343506,792.6432800292969,284.53016996383667,789.7494506835938,296.39873027801514
3,783.0645751953125,391.65032386779785,713.6476898193359,394.1586399078369,642.5053405761719,353.387131690979,587.7781295776367,312.75705099105835,542.1834945678711,304.0134572982788,666.1318969726562,270.25723457336426,674.0334320068359,221.20885848999023,684.2431640625,273.92776250839233,679.9178314208984,295.349063873291,710.7086944580078,269.15154218673706,716.6459655761719,233.06593894958496,723.9640045166016,299.0477657318115,710.103759765625,299.33536291122437,750.9886932373047,268.4361219406128,754.2059326171875,239.8538589477539,758.9710998535156,298.9947009086609,748.0394744873047,302.14524507522583,789.7606658935547,266.29910945892334,789.5687103271484,241.18640184402466,791.3359069824219,283.84785890579224,788.6924743652344,293.91099214553833
3,779.7016906738281,385.4985809326172,710.8731079101562,390.94470977783203,638.8510894775391,351.2994074821472,585.2831268310547,310.866436958313,540.1652526855469,303.87705087661743,662.9849243164062,269.4289255142212,668.9471435546875,219.8636770248413,679.4013977050781,270.3368639945984,676.9571685791016,293.5486364364624,706.7530059814453,267.1275472640991,712.3257446289062,231.233389377594,719.5597076416016,294.1653299331665,706.5120697021484,296.11278533935547,746.9937133789062,266.02970838546753,749.92919921875,237.5829291343689,754.9588012695312,293.33086252212524,744.7995758056641,297.92707443237305,785.5258941650391,263.8172936439514,785.0431060791016,239.0881848335266,787.2813415527344,279.30994749069214,785.1395416259766,289.194917678833
3,782.1350860595703,387.6220750808716,714.2022705078125,392.6923942565918,642.2798919677734,353.18315505981445,588.0434417724609,313.32565784454346,543.8482284545898,305.4294490814209,665.5021667480469,271.83512449264526,670.4086303710938,221.58308029174805,680.9349822998047,269.2389392852783,679.7218322753906,293.2239603996277,708.5615539550781,270.0852084159851,713.5801696777344,233.81543397903442,722.3967742919922,297.5141429901123,711.3867950439453,302.15826988220215,747.9125213623047,269.01844024658203,750.1535797119141,238.9118242263794,755.8286285400391,296.503164768219,747.1595764160156,304.8007607460022,785.8026885986328,267.34205961227417,784.6864318847656,240.10045051574707,787.2296142578125,282.06315994262695,785.4077911376953,295.4955768585205
3,787.2180938720703,392.96194553375244,718.0980682373047,394.75001335144043,646.7017364501953,353.94782066345215,592.6274490356445,314.6525573730469,548.0264282226562,307.0860028266907,669.4013977050781,274.939341545105,676.6234588623047,225.6121015548706,687.8645324707031,276.1502408981323,683.4837341308594,297.68726348876953,713.2711791992188,273.5277485847473,719.2860412597656,236.87965393066406,727.6045989990234,301.0923171043396,713.6459350585938,303.5239005088806,753.0413055419922,272.9697847366333,755.9107208251953,242.73931503295898,761.5570831298828,300.9839344024658,751.0382080078125,306.6316795349121,791.8662261962891,271.56314849853516,791.3596343994141,243.9363956451416,792.9759216308594,286.4580988883972,789.9201965332031,299.29242610931396
3,789.4313049316406,393.64275455474854,719.3037414550781,394.15555000305176,648.3871459960938,353.95625352859497,594.5845794677734,314.92294549942017,550.3785705566406,307.18438625335693,671.7366027832031,273.92061710357666,680.5835723876953,225.44488191604614,690.8125305175781,276.1941862106323,685.4997253417969,296.6233277320862,716.2242889404297,273.0297803878784,723.1578063964844,237.1972918510437,729.7056579589844,300.8681058883667,715.7632446289062,302.3799705505371,756.1825561523438,273.1341075897217,759.5725250244141,244.08423900604248,763.4117889404297,301.35292053222656,752.9295349121094,305.6865119934082,794.8430633544922,272.2481417655945,794.3901062011719,245.17744302749634,794.7602844238281,286.74623250961304,792.0843505859375,298.1239914894104
